[
    {
        "id": "1234",
        "userName": "Peter",
        "userAge": 27,
        "userDescription": "No pain no gain!",
        "profileImageSrc": "assets/profilepictures/profile_1.jpg"
    },
    {
        "id": "2345",
        "userName": "Greta",
        "userAge": 24,
        "userDescription": "I enjoy long walks to the fridge",
        "profileImageSrc": "assets/profilepictures/profile_2.jpg"
    },
    {
        "id": "3456",
        "userName": "Alex",
        "userAge": 33,
        "userDescription": "Let's connect and chat!",
        "profileImageSrc": "assets/profilepictures/profile_3.jpg"
    },
    {
        "id": "4567",
        "userName": "Sophie",
        "userAge": 26,
        "userDescription": "Please be patient, not often on this app",
        "profileImageSrc": "assets/profilepictures/profile_4.jpg"
    },
    {
        "id": "5678",
        "userName": "Karen",
        "userAge": 27,
        "userDescription": "Just ask!",
        "profileImageSrc": "assets/profilepictures/profile_5.jpg"
    },
    {
        "id": "6789",
        "userName": "Daniel",
        "userAge": 29,
        "userDescription": "Hiking & Travelling",
        "profileImageSrc": "assets/profilepictures/profile_6.jpg"
    }
]